dataset,target,task_type,model,best_score,best_params,n_samples,n_features,n_cv_folds,timestamp,elapsed_seconds,accuracy,accuracy_std,f1_weighted,f1_weighted_std,precision_weighted,precision_weighted_std,recall_weighted,recall_weighted_std,r2,r2_std,neg_mean_squared_error,neg_mean_squared_error_std,neg_mean_absolute_error,neg_mean_absolute_error_std,mse,rmse,mae
full_spectra,Material,classification,SVM,0.8643478260869566,"{""svc__C"": 10, ""svc__gamma"": ""scale"", ""svc__kernel"": ""rbf""}",575,909,5,2026-01-18 11:54:32,16.991557359695435,0.8643478260869566,0.029921131363626507,0.8635266610137347,0.03078974783738965,0.8640866037488879,0.030884933036855394,0.8643478260869566,0.029921131363626507,,,,,,,,,
full_spectra,Material,classification,Extra Trees,0.8347826086956521,"{""max_depth"": null, ""min_samples_split"": 2, ""n_estimators"": 100}",575,909,5,2026-01-18 11:32:29,17.45788288116455,0.8347826086956521,0.027498066610159806,0.83366322515633,0.029503508027634233,0.8347698378134055,0.030471426051151704,0.8347826086956521,0.027498066610159806,,,,,,,,,
full_spectra,Material,classification,Hist Gradient Boosting,0.8330434782608697,"{""learning_rate"": 0.05, ""max_depth"": 10, ""max_iter"": 200}",575,909,5,2026-01-18 11:54:15,197.47154664993286,0.8330434782608697,0.024223283960320214,0.8312589759436004,0.02592528526442516,0.8349737253683616,0.026962404048558916,0.8330434782608697,0.024223283960320214,,,,,,,,,
full_spectra,Material,classification,Logistic Regression,0.8330434782608697,"{""lr__C"": 1, ""lr__penalty"": ""l2"", ""lr__solver"": ""lbfgs""}",575,909,5,2026-01-18 11:55:03,7.462538957595825,0.8330434782608697,0.04838409649823846,0.8297865870172597,0.051672612351576636,0.8309672031080056,0.051439767242821885,0.8330434782608697,0.04838409649823846,,,,,,,,,
full_spectra,Material,classification,Gradient Boosting,0.8278260869565217,"{""gb__learning_rate"": 0.1, ""gb__max_depth"": 3, ""gb__n_estimators"": 200, ""gb__subsample"": 1.0}",575,909,5,2026-01-18 11:50:57,1108.331627368927,0.8278260869565217,0.016861495156230682,0.8213193536260948,0.018523413361676132,0.82123002947037,0.017377433855347672,0.826086956521739,0.017391304347826052,,,,,,,,,
full_spectra,Material,classification,K-Nearest Neighbors,0.813913043478261,"{""knn__metric"": ""manhattan"", ""knn__n_neighbors"": 3, ""knn__weights"": ""distance""}",575,909,5,2026-01-18 11:54:56,24.188199281692505,0.813913043478261,0.01301446047573546,0.809776710333862,0.012557241869267832,0.8112253206990339,0.014353788709217311,0.813913043478261,0.01301446047573546,,,,,,,,,
full_spectra,Material,classification,Random Forest,0.8104347826086956,"{""max_depth"": null, ""min_samples_leaf"": 1, ""min_samples_split"": 10, ""n_estimators"": 200}",575,909,5,2026-01-18 11:32:11,173.76239228248596,0.8104347826086956,0.020869565217391306,0.8077296392787001,0.0235709892451882,0.8076361614592098,0.023618848069279542,0.8104347826086956,0.020869565217391306,,,,,,,,,
full_spectra,Thickness,classification,SVM,0.6556521739130434,"{""svc__C"": 10, ""svc__gamma"": ""scale"", ""svc__kernel"": ""rbf""}",575,909,5,2026-01-18 14:27:29,16.752599000930786,0.6556521739130434,0.04653595881829445,0.6545364354784035,0.046717320030620305,0.6687356474299863,0.051259656265204304,0.6556521739130434,0.04653595881829445,,,,,,,,,
full_spectra,Thickness,classification,Hist Gradient Boosting,0.6417391304347826,"{""learning_rate"": 0.1, ""max_depth"": 10, ""max_iter"": 200}",575,909,5,2026-01-18 14:27:13,837.1297993659973,0.6417391304347826,0.02660358007091887,0.6335433081050973,0.024654057444379634,0.6425730386348587,0.027409460007057507,0.6417391304347826,0.02660358007091887,,,,,,,,,
full_spectra,Thickness,classification,Gradient Boosting,0.6278260869565218,"{""gb__learning_rate"": 0.1, ""gb__max_depth"": 5, ""gb__n_estimators"": 200, ""gb__subsample"": 0.8}",575,909,5,2026-01-18 14:13:16,8034.226850986481,0.6278260869565218,0.040188591333187286,0.6119216665996309,0.030821252045050762,0.6497426240700416,0.035230268766908254,0.6278260869565218,0.017735720047279226,,,,,,,,,
full_spectra,Thickness,classification,Extra Trees,0.6208695652173913,"{""max_depth"": null, ""min_samples_split"": 5, ""n_estimators"": 100}",575,909,5,2026-01-18 11:59:21,17.58398747444153,0.6208695652173913,0.030422357712236354,0.6101996984632636,0.03160808050551265,0.6340549731786773,0.03246153941405599,0.6208695652173913,0.030422357712236354,,,,,,,,,
full_spectra,Thickness,classification,K-Nearest Neighbors,0.6156521739130435,"{""knn__metric"": ""euclidean"", ""knn__n_neighbors"": 11, ""knn__weights"": ""distance""}",575,909,5,2026-01-18 14:27:54,24.192689418792725,0.6156521739130435,0.04775488771389907,0.6060524182953618,0.052446236667811855,0.6293263546603838,0.06371827887692423,0.6156521739130435,0.04775488771389907,,,,,,,,,
full_spectra,Thickness,classification,Random Forest,0.6139130434782608,"{""max_depth"": null, ""min_samples_leaf"": 1, ""min_samples_split"": 2, ""n_estimators"": 200}",575,909,5,2026-01-18 11:59:04,201.2997989654541,0.6139130434782608,0.03281384741584903,0.5992365140521129,0.03777866147943239,0.6280442649432196,0.03697294854672938,0.6139130434782608,0.03281384741584903,,,,,,,,,
full_spectra,Thickness,classification,Logistic Regression,0.5913043478260869,"{""lr__C"": 10, ""lr__penalty"": ""l2"", ""lr__solver"": ""liblinear""}",575,909,5,2026-01-18 14:28:13,18.96895742416382,0.5913043478260869,0.04365182747134307,0.5842212857716593,0.04438902584956572,0.5950784007396707,0.05448613128981922,0.5913043478260869,0.04365182747134307,,,,,,,,,
full_spectra,Dielectric,classification,SVM,0.6434782608695653,"{""svc__C"": 10, ""svc__gamma"": ""scale"", ""svc__kernel"": ""rbf""}",575,909,5,2026-01-18 18:30:52,10.060094356536865,0.6434782608695653,0.03770344937161529,0.641861280747351,0.03803510107726409,0.6577528005293402,0.037571366284985454,0.6434782608695653,0.03770344937161529,,,,,,,,,
full_spectra,Dielectric,classification,Extra Trees,0.6313043478260869,"{""max_depth"": 20, ""min_samples_split"": 2, ""n_estimators"": 200}",575,909,5,2026-01-18 14:32:27,17.753836393356323,0.6313043478260869,0.018731008024815636,0.6154682001341086,0.0206045596517784,0.6237466698053031,0.020359237613101926,0.6313043478260869,0.018731008024815636,,,,,,,,,
full_spectra,Dielectric,classification,Hist Gradient Boosting,0.6260869565217392,"{""learning_rate"": 0.1, ""max_depth"": 10, ""max_iter"": 200}",575,909,5,2026-01-18 18:30:42,1251.720775604248,0.6260869565217392,0.043303998601699964,0.616227705273093,0.0422362841284839,0.632914223091123,0.05106247835765632,0.6260869565217392,0.043303998601699964,,,,,,,,,
full_spectra,Dielectric,classification,Gradient Boosting,0.6260869565217391,"{""gb__learning_rate"": 0.05, ""gb__max_depth"": 5, ""gb__n_estimators"": 200, ""gb__subsample"": 0.8}",575,909,5,2026-01-18 18:09:51,13043.307661294937,0.6260869565217391,0.03345284184638493,0.6029881571339663,0.03805147352345525,0.611164317703972,0.07085652733931898,0.6260869565217392,0.04295335316601206,,,,,,,,,
full_spectra,Dielectric,classification,Random Forest,0.6191304347826087,"{""max_depth"": null, ""min_samples_leaf"": 2, ""min_samples_split"": 10, ""n_estimators"": 100}",575,909,5,2026-01-18 14:32:10,197.9022777080536,0.6191304347826087,0.017735720047279246,0.6051359655300101,0.022439830348834868,0.6323590505881134,0.026408498073514114,0.6191304347826087,0.017735720047279246,,,,,,,,,
full_spectra,Dielectric,classification,Logistic Regression,0.6034782608695652,"{""lr__C"": 10, ""lr__penalty"": ""l2"", ""lr__solver"": ""liblinear""}",575,909,5,2026-01-18 18:31:40,23.39716410636902,0.6034782608695652,0.021721732168342237,0.5945818431237866,0.021775220665351976,0.6061066540767903,0.02853409888554894,0.6034782608695652,0.021721732168342237,,,,,,,,,
full_spectra,Dielectric,classification,K-Nearest Neighbors,0.6,"{""knn__metric"": ""euclidean"", ""knn__n_neighbors"": 5, ""knn__weights"": ""distance""}",575,909,5,2026-01-18 18:31:17,24.098902225494385,0.6,0.02961632411465463,0.5851013845450517,0.029537984967495774,0.5924395837442763,0.02251494073389568,0.6,0.02961632411465463,,,,,,,,,
full_spectra,Size,regression,Ridge Regression,0.4347908020710986,"{""ridge__alpha"": 1000}",575,909,5,2026-01-18 20:50:12,1.9938468933105469,,,,,,,,,0.4347908020710986,0.076372946107377,-14.986721596987815,1.6740587819575499,-3.085769655232639,0.19223232676447352,14.986721596987815,3.8712687322101282,3.085769655232639
full_spectra,Size,regression,SVR,0.42440648659660385,"{""svr__C"": 10, ""svr__gamma"": ""scale"", ""svr__kernel"": ""rbf""}",575,909,5,2026-01-18 20:50:03,40.63201570510864,,,,,,,,,0.42440648659660385,0.04140664964566701,-15.356234060340398,1.5721951291918859,-3.0372705883535365,0.103556940667276,15.356234060340398,3.9187031094917613,3.0372705883535365
full_spectra,Size,regression,K-Neighbors Regressor,0.4221196205276133,"{""knr__metric"": ""euclidean"", ""knr__n_neighbors"": 7, ""knr__weights"": ""distance""}",575,909,5,2026-01-18 20:50:10,6.684124946594238,,,,,,,,,0.4221196205276133,0.056734714461177276,-15.383745788071446,1.639288671957535,-3.067867071847766,0.21744842107162982,15.383745788071446,3.922211848953527,3.067867071847766
full_spectra,Size,regression,Lasso Regression,0.42080161230214347,"{""lasso__alpha"": 0.1}",575,909,5,2026-01-18 20:50:20,7.742528915405273,,,,,,,,,0.42080161230214347,0.06890300069859685,-15.380948543508026,1.6249744481050552,-3.1333435367917852,0.18008276712365393,15.380948543508026,3.921855242548866,3.1333435367917852
full_spectra,Size,regression,Hist Gradient Boosting Regressor,0.41022901683355356,"{""learning_rate"": 0.05, ""max_depth"": 5, ""max_iter"": 100}",575,909,5,2026-01-18 20:49:22,134.47384595870972,,,,,,,,,0.41022901683355356,0.0753790932149977,-15.664621101744704,1.8306376115220993,-3.0671733477944585,0.19037785687860512,15.664621101744704,3.9578556191130447,3.0671733477944585
full_spectra,Size,regression,Gradient Boosting Regressor,0.39826630895663706,"{""gbr__learning_rate"": 0.05, ""gbr__max_depth"": 3, ""gbr__n_estimators"": 100}",575,909,5,2026-01-18 20:47:08,457.2794108390808,,,,,,,,,0.39826630895663706,0.0766645623413821,-16.13153488734249,1.8499331294584331,-3.0806832785123026,0.16965174666625077,16.13153488734249,4.0164082072596266,3.0806832785123026
full_spectra,Size,regression,Extra Trees Regressor,0.39261876192503714,"{""max_depth"": 20, ""n_estimators"": 200}",575,909,5,2026-01-18 20:39:31,121.53175806999207,,,,,,,,,0.39261876192503714,0.0739358001969515,-16.139746211754584,1.8427109554509113,-3.103797146742302,0.21776601331135395,16.139746211754584,4.017430299551516,3.103797146742302
full_spectra,Size,regression,Random Forest Regressor,0.38965795538014836,"{""max_depth"": null, ""min_samples_split"": 2, ""n_estimators"": 200}",575,909,5,2026-01-18 20:37:29,7509.761477947235,,,,,,,,,0.38965795538014836,0.06896189247594449,-16.230490173913044,1.8039495101554692,-3.1163130434782613,0.2282975828032341,16.230490173913044,4.028708251277703,3.1163130434782613
full_spectra,Size,regression,MLP Regressor,-3.7482500838197645,"{""mlp__alpha"": 0.001, ""mlp__hidden_layer_sizes"": [50, 50, 50], ""mlp__learning_rate_init"": 0.01}",575,909,5,2026-01-18 20:50:56,36.736334562301636,,,,,,,,,-3.7482500838197645,1.1916350861171294,-137.41322630764407,32.31446937593398,-8.685679589654605,0.321907291735195,137.41322630764407,11.722338772943054,8.685679589654605
simple_features,Material,classification,Gradient Boosting,0.8295652173913043,"{""gb__learning_rate"": 0.05, ""gb__max_depth"": 3, ""gb__n_estimators"": 100, ""gb__subsample"": 0.8}",575,17,5,2026-01-18 20:52:09,24.708082914352417,0.8295652173913043,0.017905443723455653,0.814679539788018,0.024036743533911952,0.8106056177453114,0.02366841867273473,0.8243478260869566,0.016861495156230682,,,,,,,,,
simple_features,Material,classification,Random Forest,0.8139130434782608,"{""max_depth"": null, ""min_samples_leaf"": 1, ""min_samples_split"": 10, ""n_estimators"": 200}",575,17,5,2026-01-18 20:51:39,41.54443359375,0.8139130434782608,0.011795356492391787,0.8096753965088584,0.014726827328157173,0.8120161771324212,0.013606605580626398,0.8139130434782608,0.011795356492391787,,,,,,,,,
simple_features,Material,classification,Hist Gradient Boosting,0.8104347826086956,"{""learning_rate"": 0.05, ""max_depth"": 3, ""max_iter"": 200}",575,17,5,2026-01-18 20:52:13,4.593564033508301,0.8104347826086956,0.012779946484086114,0.8053453966512982,0.01740796857233332,0.8094258352032284,0.015250462808484452,0.8104347826086956,0.012779946484086114,,,,,,,,,
simple_features,Material,classification,Extra Trees,0.7982608695652174,"{""max_depth"": 20, ""min_samples_split"": 5, ""n_estimators"": 100}",575,17,5,2026-01-18 20:51:44,5.464081287384033,0.7982608695652174,0.019366136914191374,0.7917334884929175,0.023827192993112048,0.7932779868778808,0.022011577972799304,0.7982608695652174,0.019366136914191374,,,,,,,,,
simple_features,Thickness,classification,Random Forest,0.6278260869565218,"{""max_depth"": null, ""min_samples_leaf"": 1, ""min_samples_split"": 10, ""n_estimators"": 100}",575,17,5,2026-01-18 20:55:02,49.937742710113525,0.6278260869565218,0.027717178174798643,0.6185561814523454,0.030096318625540457,0.6421458210301073,0.023442814863253992,0.6278260869565218,0.027717178174798643,,,,,,,,,
simple_features,Thickness,classification,Hist Gradient Boosting,0.6173913043478261,"{""learning_rate"": 0.05, ""max_depth"": 5, ""max_iter"": 100}",575,17,5,2026-01-18 20:57:24,18.964892148971558,0.6173913043478261,0.03390189337324855,0.608198660964864,0.03878400116978401,0.6223154081947151,0.03330286767082119,0.6173913043478261,0.03390189337324855,,,,,,,,,
simple_features,Thickness,classification,Gradient Boosting,0.6156521739130435,"{""gb__learning_rate"": 0.05, ""gb__max_depth"": 5, ""gb__n_estimators"": 200, ""gb__subsample"": 1.0}",575,17,5,2026-01-18 20:57:05,116.70854902267456,0.6156521739130435,0.04309395371604822,0.5808803693147778,0.052104157235097114,0.6087316222161995,0.04074288356482642,0.6069565217391304,0.03081746982029451,,,,,,,,,
simple_features,Thickness,classification,Extra Trees,0.6069565217391304,"{""max_depth"": null, ""min_samples_split"": 2, ""n_estimators"": 200}",575,17,5,2026-01-18 20:55:09,6.389575958251953,0.6069565217391304,0.047117277162240234,0.5964248889326342,0.04488283687353752,0.6161367586572941,0.04794029411721652,0.6069565217391304,0.047117277162240234,,,,,,,,,
simple_features,Dielectric,classification,Random Forest,0.6156521739130435,"{""max_depth"": null, ""min_samples_leaf"": 2, ""min_samples_split"": 10, ""n_estimators"": 200}",575,17,5,2026-01-18 21:00:13,50.67285394668579,0.6156521739130435,0.025441284936222264,0.6013532516160541,0.02588521971311397,0.6358038678839594,0.026936515197942348,0.6156521739130435,0.025441284936222264,,,,,,,,,
simple_features,Dielectric,classification,Gradient Boosting,0.6104347826086957,"{""gb__learning_rate"": 0.05, ""gb__max_depth"": 5, ""gb__n_estimators"": 200, ""gb__subsample"": 0.8}",575,17,5,2026-01-18 21:03:25,185.84613966941833,0.6104347826086957,0.04992243511098198,0.5856635371225797,0.02801124514346744,0.6085166906418564,0.04757172736114685,0.5965217391304348,0.0341684916598061,,,,,,,,,
simple_features,Dielectric,classification,Hist Gradient Boosting,0.5878260869565218,"{""learning_rate"": 0.05, ""max_depth"": 3, ""max_iter"": 100}",575,17,5,2026-01-18 21:03:54,29.32650136947632,0.5878260869565218,0.03281384741584903,0.5809228265470944,0.031171546606423683,0.5943625274985411,0.03400369936006565,0.5878260869565218,0.03281384741584903,,,,,,,,,
simple_features,Dielectric,classification,Extra Trees,0.5878260869565217,"{""max_depth"": null, ""min_samples_split"": 5, ""n_estimators"": 100}",575,17,5,2026-01-18 21:00:19,6.543805360794067,0.5878260869565217,0.03504250726888675,0.5712738528112071,0.04097960148177171,0.5817558186205989,0.046934697056169906,0.5878260869565217,0.03504250726888675,,,,,,,,,
simple_features,Size,regression,Extra Trees Regressor,0.39696497952925547,"{""max_depth"": null, ""n_estimators"": 200}",575,17,5,2026-01-18 21:06:30,4.665890216827393,,,,,,,,,0.39696497952925547,0.08121689679351768,-16.017255553140096,2.0358244630760938,-3.1649217391304356,0.2073300199306925,16.017255553140096,4.0021563629048895,3.1649217391304356
simple_features,Size,regression,Hist Gradient Boosting Regressor,0.35390254336815663,"{""learning_rate"": 0.05, ""max_depth"": 5, ""max_iter"": 100}",575,17,5,2026-01-18 21:06:43,3.3010222911834717,,,,,,,,,0.35390254336815663,0.07524349947256315,-17.15485248213315,1.7461071310966318,-3.2804073833982677,0.19378563273624935,17.15485248213315,4.141841677579329,3.2804073833982677
simple_features,Size,regression,Random Forest Regressor,0.3395572673972437,"{""max_depth"": null, ""min_samples_split"": 2, ""n_estimators"": 200}",575,17,5,2026-01-18 21:06:26,33.705249309539795,,,,,,,,,0.3395572673972437,0.08331152509929692,-17.53560042995169,1.979102293881211,-3.3051101449275366,0.19499596505931593,17.53560042995169,4.187553036076282,3.3051101449275366
simple_features,Size,regression,Gradient Boosting Regressor,0.33731458280600235,"{""gbr__learning_rate"": 0.05, ""gbr__max_depth"": 5, ""gbr__n_estimators"": 200}",575,17,5,2026-01-18 21:06:39,8.924727201461792,,,,,,,,,0.33731458280600235,0.08475144482164518,-17.83797530354793,2.322634271735591,-3.3337025857785876,0.2266648687036192,17.83797530354793,4.2235027291985885,3.3337025857785876
deconvolution,Material,classification,Random Forest,0.8208695652173914,"{""max_depth"": null, ""min_samples_leaf"": 2, ""min_samples_split"": 5, ""n_estimators"": 100}",575,12,5,2026-01-18 21:09:23,40.35558533668518,0.8208695652173914,0.013014460475735453,0.8162170703605177,0.015704119353905588,0.81818589042606,0.013446891074818682,0.8208695652173914,0.013014460475735453,,,,,,,,,
deconvolution,Material,classification,Hist Gradient Boosting,0.8173913043478261,"{""learning_rate"": 0.1, ""max_depth"": 3, ""max_iter"": 100}",575,12,5,2026-01-18 21:09:53,3.663414239883423,0.8173913043478261,0.02129991080681023,0.8136208413894046,0.02340570785636138,0.8176496935698829,0.0224477789250382,0.8173913043478261,0.02129991080681023,,,,,,,,,
deconvolution,Material,classification,Gradient Boosting,0.8156521739130435,"{""gb__learning_rate"": 0.1, ""gb__max_depth"": 3, ""gb__n_estimators"": 100, ""gb__subsample"": 0.8}",575,12,5,2026-01-18 21:09:49,20.869737148284912,0.8156521739130435,0.020869565217391292,0.7951337041757045,0.026658145931131055,0.813325437022826,0.02731366383013526,0.8069565217391304,0.018568831742663137,,,,,,,,,
deconvolution,Material,classification,Extra Trees,0.8034782608695652,"{""max_depth"": 20, ""min_samples_split"": 5, ""n_estimators"": 200}",575,12,5,2026-01-18 21:09:28,5.184072732925415,0.8034782608695652,0.022407128220391516,0.7965687981690057,0.026374675034749027,0.799186511019532,0.023475548246579506,0.8034782608695652,0.022407128220391516,,,,,,,,,
deconvolution,Material,classification,Logistic Regression,0.7913043478260869,"{""lr__C"": 10, ""lr__penalty"": ""l2"", ""lr__solver"": ""liblinear""}",575,12,5,2026-01-18 21:09:55,0.503392219543457,0.7913043478260869,0.022675486626791818,0.7793869235618219,0.022327648626751784,0.7873793254860243,0.027723350187842093,0.7913043478260869,0.022675486626791818,,,,,,,,,
deconvolution,Material,classification,SVM,0.7895652173913044,"{""svc__C"": 1, ""svc__gamma"": ""scale"", ""svc__kernel"": ""rbf""}",575,12,5,2026-01-18 21:09:54,0.9214966297149658,0.7895652173913044,0.02771717817479865,0.7796833384048873,0.03443203946425765,0.7848724329540725,0.03091641153770193,0.7895652173913044,0.02771717817479865,,,,,,,,,
deconvolution,Material,classification,K-Nearest Neighbors,0.7860869565217392,"{""knn__metric"": ""manhattan"", ""knn__n_neighbors"": 7, ""knn__weights"": ""distance""}",575,12,5,2026-01-18 21:09:55,0.8865838050842285,0.7860869565217392,0.013014460475735457,0.780043406205168,0.012948348261575753,0.7808896658149205,0.013222428623390715,0.7860869565217392,0.013014460475735457,,,,,,,,,
deconvolution,Thickness,classification,Gradient Boosting,0.6034782608695652,"{""gb__learning_rate"": 0.1, ""gb__max_depth"": 5, ""gb__n_estimators"": 200, ""gb__subsample"": 0.8}",575,12,5,2026-01-18 21:13:01,97.60063052177429,0.6034782608695652,0.02240712822039156,0.5641812002480884,0.027375849760003738,0.6068942184096107,0.024074906238246825,0.5947826086956521,0.03988641718671203,,,,,,,,,
deconvolution,Thickness,classification,Random Forest,0.5982608695652173,"{""max_depth"": null, ""min_samples_leaf"": 1, ""min_samples_split"": 5, ""n_estimators"": 100}",575,12,5,2026-01-18 21:11:17,43.46148633956909,0.5982608695652173,0.02930834703713519,0.5863786305548171,0.03455137327085418,0.6064238903025679,0.02650654064481806,0.5982608695652173,0.02930834703713519,,,,,,,,,
deconvolution,Thickness,classification,Hist Gradient Boosting,0.5965217391304348,"{""learning_rate"": 0.05, ""max_depth"": 5, ""max_iter"": 100}",575,12,5,2026-01-18 21:13:15,14.871678829193115,0.5965217391304348,0.011795356492391768,0.5896481649278773,0.010927275145291779,0.6009144398179039,0.01153136593569135,0.5965217391304348,0.011795356492391768,,,,,,,,,
deconvolution,Thickness,classification,Extra Trees,0.5808695652173913,"{""max_depth"": null, ""min_samples_split"": 2, ""n_estimators"": 100}",575,12,5,2026-01-18 21:11:23,5.881073713302612,0.5808695652173913,0.02158204112346238,0.5701699989498976,0.021684693202195512,0.5869656766009581,0.018244642807755947,0.5808695652173913,0.02158204112346238,,,,,,,,,
deconvolution,Thickness,classification,SVM,0.551304347826087,"{""svc__C"": 10, ""svc__gamma"": ""scale"", ""svc__kernel"": ""rbf""}",575,12,5,2026-01-18 21:13:17,1.5998294353485107,0.551304347826087,0.038339839452258447,0.5420166690116862,0.04022330092431653,0.5558155336604427,0.04182664483551145,0.551304347826087,0.038339839452258447,,,,,,,,,
deconvolution,Thickness,classification,K-Nearest Neighbors,0.5460869565217392,"{""knn__metric"": ""manhattan"", ""knn__n_neighbors"": 11, ""knn__weights"": ""distance""}",575,12,5,2026-01-18 21:13:18,0.8877451419830322,0.5460869565217392,0.03318049396232853,0.5266747591294352,0.037394093852905506,0.561215494757528,0.028669273343160162,0.5460869565217392,0.03318049396232853,,,,,,,,,
deconvolution,Thickness,classification,Logistic Regression,0.5199999999999999,"{""lr__C"": 1, ""lr__penalty"": ""l2"", ""lr__solver"": ""liblinear""}",575,12,5,2026-01-18 21:13:18,0.4953176975250244,0.5199999999999999,0.030322775259413355,0.4918221495674843,0.03866939821005244,0.519562106387242,0.030382625871586147,0.5199999999999999,0.030322775259413355,,,,,,,,,
deconvolution,Dielectric,classification,Random Forest,0.5913043478260869,"{""max_depth"": null, ""min_samples_leaf"": 1, ""min_samples_split"": 10, ""n_estimators"": 100}",575,12,5,2026-01-18 21:14:41,43.98344922065735,0.5913043478260869,0.03648030776244008,0.5772890579077485,0.03876563717936296,0.5928172075520479,0.04620943215932766,0.5913043478260869,0.03648030776244008,,,,,,,,,
deconvolution,Dielectric,classification,Gradient Boosting,0.5860869565217393,"{""gb__learning_rate"": 0.1, ""gb__max_depth"": 3, ""gb__n_estimators"": 100, ""gb__subsample"": 0.8}",575,12,5,2026-01-18 21:17:21,154.04702353477478,0.5860869565217393,0.0294113643918048,0.561378769297041,0.054656630166634315,0.5767821331122086,0.055984279383919235,0.5704347826086956,0.04173913043478259,,,,,,,,,
deconvolution,Dielectric,classification,Extra Trees,0.5704347826086957,"{""max_depth"": 20, ""min_samples_split"": 5, ""n_estimators"": 200}",575,12,5,2026-01-18 21:14:47,5.948133707046509,0.5704347826086957,0.04385920074058605,0.5553185174602595,0.04768808107728879,0.5680898773352715,0.04862173847992734,0.5704347826086957,0.04385920074058605,,,,,,,,,
deconvolution,Dielectric,classification,Hist Gradient Boosting,0.5704347826086957,"{""learning_rate"": 0.05, ""max_depth"": 3, ""max_iter"": 100}",575,12,5,2026-01-18 21:17:44,23.10415554046631,0.5704347826086957,0.04937415501418571,0.5630201300546354,0.045750332102577514,0.5743986532111044,0.04621435066987796,0.5704347826086957,0.04937415501418571,,,,,,,,,
deconvolution,Dielectric,classification,SVM,0.528695652173913,"{""svc__C"": 1, ""svc__gamma"": ""scale"", ""svc__kernel"": ""rbf""}",575,12,5,2026-01-18 21:17:45,1.4111011028289795,0.528695652173913,0.04056314361631513,0.5139585773011864,0.04007230983439203,0.542959178883664,0.03509735635531471,0.528695652173913,0.04056314361631513,,,,,,,,,
deconvolution,Dielectric,classification,K-Nearest Neighbors,0.528695652173913,"{""knn__metric"": ""euclidean"", ""knn__n_neighbors"": 5, ""knn__weights"": ""distance""}",575,12,5,2026-01-18 21:17:46,0.9053025245666504,0.528695652173913,0.03225606433215895,0.5163796236525643,0.03654436085481279,0.5179142417035548,0.038944530500871266,0.528695652173913,0.03225606433215895,,,,,,,,,
deconvolution,Dielectric,classification,Logistic Regression,0.5113043478260869,"{""lr__C"": 1, ""lr__penalty"": ""l2"", ""lr__solver"": ""liblinear""}",575,12,5,2026-01-18 21:17:47,0.5084748268127441,0.5113043478260869,0.04807052160377479,0.4830881204845513,0.050098443050035336,0.5007434771823325,0.0601257026241073,0.5113043478260869,0.04807052160377479,,,,,,,,,
deconvolution,Size,regression,Extra Trees Regressor,0.37233351703856804,"{""max_depth"": 30, ""n_estimators"": 200}",575,12,5,2026-01-18 21:18:54,3.6341867446899414,,,,,,,,,0.37233351703856804,0.08900114213914366,-16.64668630434783,2.0349546372139797,-3.2692260869565217,0.18879505776748778,16.64668630434783,4.080035086166274,3.2692260869565217
deconvolution,Size,regression,Random Forest Regressor,0.34851755510490035,"{""max_depth"": 20, ""min_samples_split"": 10, ""n_estimators"": 100}",575,12,5,2026-01-18 21:18:50,25.75060272216797,,,,,,,,,0.34851755510490035,0.0912961887304167,-17.295479735888005,2.240989467833345,-3.30246708256224,0.22251979312380704,17.295479735888005,4.15878344421635,3.30246708256224
deconvolution,Size,regression,SVR,0.3482665142967839,"{""svr__C"": 10, ""svr__gamma"": ""auto"", ""svr__kernel"": ""rbf""}",575,12,5,2026-01-18 21:19:05,0.8475081920623779,,,,,,,,,0.3482665142967839,0.042580901055951054,-17.37091978532029,1.5210684019371346,-3.292556102103019,0.17881300758833188,17.37091978532029,4.167843541367681,3.292556102103019
deconvolution,Size,regression,Hist Gradient Boosting Regressor,0.3441013660107858,"{""learning_rate"": 0.05, ""max_depth"": 10, ""max_iter"": 100}",575,12,5,2026-01-18 21:19:04,2.6622207164764404,,,,,,,,,0.3441013660107858,0.07052267435043791,-17.43713942123046,1.7998365817866788,-3.3003389652517656,0.15687485809711338,17.43713942123046,4.175780097326781,3.3003389652517656
deconvolution,Size,regression,K-Neighbors Regressor,0.3290694504418579,"{""knr__metric"": ""euclidean"", ""knr__n_neighbors"": 11, ""knr__weights"": ""distance""}",575,12,5,2026-01-18 21:19:05,0.6782107353210449,,,,,,,,,0.3290694504418579,0.060517801002248094,-17.829328157098782,1.393674538619469,-3.371174093199781,0.1798464669598799,17.829328157098782,4.222478911385915,3.371174093199781
deconvolution,Size,regression,Ridge Regression,0.3277622343935057,"{""ridge__alpha"": 1}",575,12,5,2026-01-18 21:19:06,0.28632330894470215,,,,,,,,,0.3277622343935057,0.06776642743354588,-17.82777908568709,1.0742421294516908,-3.367813444620348,0.15597201332925317,17.82777908568709,4.222295475885965,3.367813444620348
deconvolution,Size,regression,Lasso Regression,0.3276924768535978,"{""lasso__alpha"": 0.0001}",575,12,5,2026-01-18 21:19:06,0.24669289588928223,,,,,,,,,0.3276924768535978,0.06795296298602585,-17.829249235424836,1.0744307453116102,-3.3668952230603266,0.15473257056550294,17.829249235424836,4.222469565956022,3.3668952230603266
deconvolution,Size,regression,Gradient Boosting Regressor,0.3186602396721264,"{""gbr__learning_rate"": 0.05, ""gbr__max_depth"": 3, ""gbr__n_estimators"": 100}",575,12,5,2026-01-18 21:19:01,7.307523488998413,,,,,,,,,0.3186602396721264,0.0967813765514947,-18.01817575023374,2.1555227229659972,-3.3664719485302035,0.2299551189323838,18.01817575023374,4.2447821793625335,3.3664719485302035
deconvolution,Size,regression,MLP Regressor,0.06111375508801864,"{""mlp__alpha"": 0.001, ""mlp__hidden_layer_sizes"": [50, 50, 50], ""mlp__learning_rate_init"": 0.01}",575,12,5,2026-01-18 21:19:21,15.455914974212646,,,,,,,,,0.06111375508801864,0.1576255400042691,-27.21853091132898,5.331769782202044,-4.448432515209698,0.605128174520025,27.21853091132898,5.217138191703281,4.448432515209698
deconvolution_enhanced,Material,classification,Random Forest,1.0,"{""max_depth"": null, ""min_samples_leaf"": 1, ""min_samples_split"": 5, ""n_estimators"": 100}",575,57,5,2026-01-18 21:20:07,43.96103549003601,1.0,0.0,1.0,0.0,1.0,0.0,1.0,0.0,,,,,,,,,
deconvolution_enhanced,Material,classification,Gradient Boosting,0.9982608695652175,"{""gb__learning_rate"": 0.05, ""gb__max_depth"": 3, ""gb__n_estimators"": 100, ""gb__subsample"": 0.8}",575,57,5,2026-01-18 21:20:47,34.70128631591797,0.9982608695652175,0.003478260869565197,0.9982540911314206,0.0034918177371585646,0.9982826086956521,0.003434782608695653,0.9982608695652175,0.003478260869565197,,,,,,,,,
deconvolution_enhanced,Material,classification,Hist Gradient Boosting,0.9965217391304348,"{""learning_rate"": 0.05, ""max_depth"": 3, ""max_iter"": 100}",575,57,5,2026-01-18 21:20:54,7.536645889282227,0.9965217391304348,0.004259982161362024,0.9965081822628414,0.004276585865419136,0.9965652173913042,0.004206732384345023,0.9965217391304348,0.004259982161362024,,,,,,,,,
deconvolution_enhanced,Material,classification,Logistic Regression,0.9791304347826089,"{""lr__C"": 10, ""lr__penalty"": ""l2"", ""lr__solver"": ""lbfgs""}",575,57,5,2026-01-18 21:21:15,1.1368217468261719,0.9791304347826089,0.010434782608695672,0.9790627249981094,0.010512925402783504,0.979811180921551,0.010202508864141167,0.9791304347826089,0.010434782608695672,,,,,,,,,
deconvolution_enhanced,Material,classification,SVM,0.9756521739130435,"{""svc__C"": 10, ""svc__gamma"": ""scale"", ""svc__kernel"": ""linear""}",575,57,5,2026-01-18 21:20:55,0.7357223033905029,0.9756521739130435,0.010140785904078806,0.975476849686357,0.01030562865779181,0.9762190805194398,0.00989419611214657,0.9756521739130435,0.010140785904078806,,,,,,,,,
deconvolution_enhanced,Material,classification,Extra Trees,0.9617391304347827,"{""max_depth"": 20, ""min_samples_split"": 2, ""n_estimators"": 200}",575,57,5,2026-01-18 21:20:12,5.483124494552612,0.9617391304347827,0.017905443723455667,0.9617274191248985,0.017880442495027574,0.9622005105088212,0.018218315881027746,0.9617391304347827,0.017905443723455667,,,,,,,,,
deconvolution_enhanced,Material,classification,K-Nearest Neighbors,0.8556521739130435,"{""knn__metric"": ""euclidean"", ""knn__n_neighbors"": 7, ""knn__weights"": ""distance""}",575,57,5,2026-01-18 21:21:14,18.807607173919678,0.8556521739130435,0.03504250726888674,0.8498036360941029,0.03890700146742063,0.8562191712743206,0.03440293730510275,0.8556521739130435,0.03504250726888674,,,,,,,,,
deconvolution_enhanced,Thickness,classification,Hist Gradient Boosting,0.9860869565217392,"{""learning_rate"": 0.05, ""max_depth"": 3, ""max_iter"": 100}",575,57,5,2026-01-18 21:28:33,26.530416250228882,0.9860869565217392,0.008867860023639623,0.986091330065548,0.008832166828253881,0.9867506503158676,0.008312941048918806,0.9860869565217392,0.008867860023639623,,,,,,,,,
deconvolution_enhanced,Thickness,classification,Gradient Boosting,0.9791304347826086,"{""gb__learning_rate"": 0.05, ""gb__max_depth"": 3, ""gb__n_estimators"": 100, ""gb__subsample"": 0.8}",575,57,5,2026-01-18 21:28:06,305.85819697380066,0.9791304347826086,0.006956521739130433,0.9791825377550374,0.006931938873952446,0.980278776837535,0.006486967735738752,0.9791304347826086,0.006956521739130433,,,,,,,,,
deconvolution_enhanced,Thickness,classification,Random Forest,0.8208695652173914,"{""max_depth"": null, ""min_samples_leaf"": 1, ""min_samples_split"": 2, ""n_estimators"": 100}",575,57,5,2026-01-18 21:22:54,60.43034386634827,0.8208695652173914,0.03140081753959614,0.8163011401687317,0.03448693830837569,0.8225057405607974,0.03444850586157821,0.8208695652173914,0.03140081753959614,,,,,,,,,
deconvolution_enhanced,Thickness,classification,Extra Trees,0.7443478260869565,"{""max_depth"": null, ""min_samples_split"": 5, ""n_estimators"": 200}",575,57,5,2026-01-18 21:23:01,6.822199821472168,0.7443478260869565,0.023072172454646236,0.7383068094346867,0.025491100214733393,0.7540743527104592,0.025447486061450763,0.7443478260869565,0.023072172454646236,,,,,,,,,
deconvolution_enhanced,Thickness,classification,SVM,0.6,"{""svc__C"": 10, ""svc__gamma"": ""scale"", ""svc__kernel"": ""rbf""}",575,57,5,2026-01-18 21:28:36,3.022420883178711,0.6,0.04224333148344739,0.5920087777401466,0.0482177168745842,0.5966361991524065,0.04832183642693207,0.6,0.04224333148344739,,,,,,,,,
deconvolution_enhanced,Thickness,classification,K-Nearest Neighbors,0.5617391304347825,"{""knn__metric"": ""manhattan"", ""knn__n_neighbors"": 5, ""knn__weights"": ""distance""}",575,57,5,2026-01-18 21:28:55,18.84934139251709,0.5617391304347825,0.03091545884283684,0.5506990708625257,0.03221297727267907,0.5636082429474414,0.030998248052966033,0.5617391304347825,0.03091545884283684,,,,,,,,,
deconvolution_enhanced,Thickness,classification,Logistic Regression,0.5582608695652174,"{""lr__C"": 1, ""lr__penalty"": ""l2"", ""lr__solver"": ""liblinear""}",575,57,5,2026-01-18 21:28:56,1.4734320640563965,0.5582608695652174,0.03452075346309426,0.5470968844737026,0.03736266159273068,0.564218029924944,0.029916133169517457,0.5582608695652174,0.03452075346309426,,,,,,,,,
deconvolution_enhanced,Dielectric,classification,Hist Gradient Boosting,0.9895652173913044,"{""learning_rate"": 0.05, ""max_depth"": 3, ""max_iter"": 100}",575,57,5,2026-01-18 21:38:41,36.213958978652954,0.9895652173913044,0.003478260869565242,0.9895175598483916,0.0035071920865606954,0.9902621612544887,0.0030697275587713555,0.9895652173913044,0.003478260869565242,,,,,,,,,
deconvolution_enhanced,Dielectric,classification,Gradient Boosting,0.9878260869565217,"{""gb__learning_rate"": 0.1, ""gb__max_depth"": 3, ""gb__n_estimators"": 100, ""gb__subsample"": 0.8}",575,57,5,2026-01-18 21:38:05,443.44244861602783,0.9878260869565217,0.008867860023639623,0.9860156929107893,0.006941145401116586,0.98534502199803,0.007907287041379045,0.9860869565217392,0.010434782608695643,,,,,,,,,
deconvolution_enhanced,Dielectric,classification,Random Forest,0.8400000000000001,"{""max_depth"": null, ""min_samples_leaf"": 1, ""min_samples_split"": 2, ""n_estimators"": 200}",575,57,5,2026-01-18 21:30:35,60.289390087127686,0.8400000000000001,0.006956521739130444,0.8365521680655554,0.006924848995198174,0.8461353272257801,0.009160927800020905,0.8400000000000001,0.006956521739130444,,,,,,,,,
deconvolution_enhanced,Dielectric,classification,SVM,0.8365217391304348,"{""svc__C"": 10, ""svc__gamma"": ""scale"", ""svc__kernel"": ""linear""}",575,57,5,2026-01-18 21:38:43,1.3244452476501465,0.8365217391304348,0.022940706014387666,0.8361402604547432,0.02493336942580553,0.8488527664107531,0.026472959240063182,0.8365217391304348,0.022940706014387666,,,,,,,,,
deconvolution_enhanced,Dielectric,classification,Logistic Regression,0.7843478260869565,"{""lr__C"": 10, ""lr__penalty"": ""l2"", ""lr__solver"": ""lbfgs""}",575,57,5,2026-01-18 21:39:03,1.5156688690185547,0.7843478260869565,0.02422328396032021,0.7813778541663137,0.026768552811055318,0.7907189194191717,0.021867158183564238,0.7843478260869565,0.02422328396032021,,,,,,,,,
deconvolution_enhanced,Dielectric,classification,Extra Trees,0.7513043478260869,"{""max_depth"": 20, ""min_samples_split"": 5, ""n_estimators"": 100}",575,57,5,2026-01-18 21:30:42,6.889391183853149,0.7513043478260869,0.02496121755549099,0.7418869816880592,0.02673352938167641,0.7645984056201447,0.025170317965179018,0.7513043478260869,0.02496121755549099,,,,,,,,,
deconvolution_enhanced,Dielectric,classification,K-Nearest Neighbors,0.5599999999999999,"{""knn__metric"": ""manhattan"", ""knn__n_neighbors"": 5, ""knn__weights"": ""distance""}",575,57,5,2026-01-18 21:39:02,18.812679767608643,0.5599999999999999,0.035042507268886774,0.5489867821275914,0.04055094167418259,0.5644883694333325,0.045567427170188794,0.5599999999999999,0.035042507268886774,,,,,,,,,
deconvolution_enhanced,Size,regression,Gradient Boosting Regressor,0.46286942451965285,"{""gbr__learning_rate"": 0.05, ""gbr__max_depth"": 3, ""gbr__n_estimators"": 200}",575,57,5,2026-01-18 21:41:44,28.604966163635254,,,,,,,,,0.46286942451965285,0.04403894412669564,-14.27537293879046,0.8834382232192473,-2.918274684833522,0.1333004577102852,14.27537293879046,3.7782764508159614,2.918274684833522
deconvolution_enhanced,Size,regression,Hist Gradient Boosting Regressor,0.4522282387694549,"{""learning_rate"": 0.1, ""max_depth"": 3, ""max_iter"": 100}",575,57,5,2026-01-18 21:41:50,6.087156772613525,,,,,,,,,0.4522282387694549,0.03342155283119379,-14.586729731141665,1.0576243244631887,-2.9900215537028494,0.12657385472255378,14.586729731141665,3.819257746099583,2.9900215537028494
deconvolution_enhanced,Size,regression,Extra Trees Regressor,0.4092546412575949,"{""max_depth"": 20, ""n_estimators"": 200}",575,57,5,2026-01-18 21:41:15,10.061002254486084,,,,,,,,,0.4092546412575949,0.05091414934839605,-15.686480648265519,0.9463923777990966,-3.1253021733895467,0.12693101568569204,15.686480648265519,3.9606161955263373,3.1253021733895467
deconvolution_enhanced,Size,regression,Random Forest Regressor,0.38636577349934287,"{""max_depth"": 20, ""min_samples_split"": 5, ""n_estimators"": 200}",575,57,5,2026-01-18 21:41:05,83.71339440345764,,,,,,,,,0.38636577349934287,0.05623346997780098,-16.27943283311472,0.8384289166211476,-3.184539277678822,0.1275084596017447,16.27943283311472,4.034777916207374,3.184539277678822
deconvolution_enhanced,Size,regression,SVR,0.3169300060075261,"{""svr__C"": 1, ""svr__gamma"": ""scale"", ""svr__kernel"": ""rbf""}",575,57,5,2026-01-18 21:41:52,2.313669204711914,,,,,,,,,0.3169300060075261,0.0599599847315388,-18.149542409241747,1.331280703468763,-3.389428779700425,0.16617013553857232,18.149542409241747,4.260227976205234,3.389428779700425
deconvolution_enhanced,Size,regression,K-Neighbors Regressor,0.29396501741380543,"{""knr__metric"": ""manhattan"", ""knr__n_neighbors"": 11, ""knr__weights"": ""distance""}",575,57,5,2026-01-18 21:41:53,0.8460392951965332,,,,,,,,,0.29396501741380543,0.0735618827487957,-18.75669208788823,1.7249925985026295,-3.4743559019859545,0.14400052505484226,18.75669208788823,4.330899685733696,3.4743559019859545
deconvolution_enhanced,Size,regression,Ridge Regression,0.23384243504224617,"{""ridge__alpha"": 1000}",575,57,5,2026-01-18 21:41:53,0.28275251388549805,,,,,,,,,0.23384243504224617,0.08382993784262059,-20.47956483236367,2.9512742448208202,-3.713305169270329,0.2514607959820338,20.47956483236367,4.5254353196530905,3.713305169270329
deconvolution_enhanced,Size,regression,Lasso Regression,0.010045383032725397,"{""lasso__alpha"": 0.1}",575,57,5,2026-01-18 21:41:54,0.5286619663238525,,,,,,,,,0.010045383032725397,0.5386318652880236,-26.689948371629022,15.463567971385546,-3.559918190456206,0.3587362726708921,26.689948371629022,5.166231544523438,3.559918190456206
deconvolution_enhanced,Size,regression,MLP Regressor,-7.18470730792716,"{""mlp__alpha"": 0.01, ""mlp__hidden_layer_sizes"": [100], ""mlp__learning_rate_init"": 0.01}",575,57,5,2026-01-18 21:42:05,11.531938314437866,,,,,,,,,-7.18470730792716,13.138015570900999,-520.1221615400434,936.8935509342241,-5.693741587684733,1.8652977023901565,520.1221615400434,22.806186913643486,5.693741587684733
